payroll (M's),HR,W,ERA,WinPercent,divID,H
31.135472,161,84,4.52,0.518518519,W,1531
41.281,147,85,4.49,0.524691358,W,1530
55.388166,158,70,4.79,0.432098765,W,1404
51.464167,236,82,5,0.50617284,W,1574
47.535167,158,75,4.2,0.462962963,W,1447
61.721667,152,99,3.69,0.611111111,W,1603
79.031667,150,77,4.28,0.475308642,W,1473
100.534667,162,92,4.28,0.567901235,W,1603
32.347,159,65,4.63,0.401234568,W,1353
68.703999,216,100,3.77,0.617283951,W,1566
81.027833,179,85,4.35,0.524691358,W,1466
85.082999,208,92,3.87,0.567901235,W,1494
102.819999,165,98,3.92,0.604938272,W,1471
80.657,152,84,3.84,0.518518519,W,1467
69.78075,135,51,4.98,0.314814815,W,1401
62.329166,191,77,4.84,0.475308642,W,1419
59.684226,160,76,4.48,0.469135802,W,1506
52.067546,171,90,4.13,0.555555556,W,1350
66.202712,159,82,3.98,0.50617284,W,1355
73.115666,173,70,4.42,0.432098765,W,1408
60.718166,180,65,4.81,0.401234568,W,1366
53.639833,172,94,3.8,0.580246914,W,1357
73.804833,165,81,3.93,0.5,W,1416
90.132,130,81,3.92,0.5,W,1468
97.8615,118,64,4.26,0.395061728,W,1379
61.834,154,79,4.04,0.487654321,W,1494
87.439063,190,69,5.09,0.425925926,W,1479
14.807,126,66,4.19,0.407407407,W,1359
17.102786,138,72,3.97,0.447204969,W,1348
16.54456,152,69,4.63,0.428571429,W,1401
12.728174,96,54,4.09,0.3375,W,1319
11.112334,128,63,3.7,0.39375,W,1281
14.555501,162,65,4.58,0.401234568,W,1376
18.4035,141,94,3.49,0.580246914,W,1407
34.625333,138,98,3.14,0.604938272,W,1391
41.641417,169,104,3.14,0.641975309,W,1444
49.383513,137,68,3.57,0.596491228,E,1031
47.235445,168,90,3.44,0.625,E,1202
49.6985,197,96,3.52,0.592592593,E,1514
52.2785,174,101,3.18,0.62345679,E,1490
61.186,215,106,3.25,0.654320988,E,1489
73.14,197,103,3.63,0.635802469,E,1481
84.537836,179,95,4.05,0.586419753,E,1490
91.936166,174,88,3.59,0.543209877,E,1432
92.870367,164,101,3.13,0.63125,E,1428
106.243667,235,101,4.1,0.62345679,E,1608
90.1825,178,96,3.74,0.592592593,E,1503
86.457302,184,90,3.98,0.555555556,E,1453
90.156876,222,79,4.6,0.487654321,E,1510
87.290833,176,84,4.11,0.518518519,E,1562
102.365683,130,72,4.46,0.444444444,E,1514
96.726166,149,86,3.57,0.530864198,E,1459
84.423666,139,91,3.56,0.561728395,E,1411
87.002692,173,89,3.48,0.549382716,E,1345
82.829942,149,94,3.42,0.580246914,E,1341
87.871525,181,96,3.18,0.592592593,E,1354
97.609,123,79,3.38,0.487654321,E,1316
71.78125,100,67,4.41,0.413580247,E,1361
68.498291,122,68,4.51,0.422360248,E,1404
11.560712,214,83,4.38,0.51552795,E,1451
13.001258,169,73,4.3,0.450617284,E,1425
13.900273,211,67,5.01,0.413580247,E,1437
13.532075,137,54,4.54,0.335403727,E,1275
8.275167,129,87,4,0.537037037,E,1369
9.680084,132,76,4.04,0.472049689,E,1328
17.519,170,67,4.59,0.413580247,E,1421
23.780667,148,89,3.79,0.549382716,E,1423
29.0965,157,85,4.31,0.524691358,E,1470
38.849769,139,63,4.31,0.5625,E,1047
43.942521,173,71,4.31,0.493055556,E,1267
54.490315,257,88,5.14,0.543209877,E,1557
58.5164,196,98,3.91,0.604938272,E,1498
72.355634,214,79,4.74,0.487654321,E,1520
80.605863,203,78,4.77,0.481481481,E,1572
81.447435,184,74,5.37,0.456790123,E,1508
67.59954,136,63,4.67,0.391304348,E,1359
60.493487,165,67,4.46,0.413580247,E,1353
73.8775,152,71,4.76,0.438271605,E,1516
51.623333,169,78,4.7,0.481481481,E,1614
73.914333,189,74,4.56,0.456790123,E,1492
72.585582,164,70,5.35,0.432098765,E,1556
93.174808,142,69,5.17,0.425925926,E,1529
67.196246,172,68,5.13,0.422360248,E,1486
67.101666,160,64,5.15,0.395061728,E,1508
81.6125,133,66,4.59,0.407407407,E,1440
85.304038,191,69,4.89,0.425925926,E,1434
77.353999,214,93,3.9,0.574074074,E,1375
84.393333,212,85,4.2,0.524691358,E,1460
103.416,211,96,3.43,0.592592593,E,1434
115.044833,217,81,4.05,0.5,E,1370
161.863456,253,89,4.22,0.549382716,E,1413
10.89756,162,81,4.06,0.5,E,1615
14.402239,144,95,3.93,0.590062112,E,1488
10.144167,174,78,4.77,0.481481481,E,1554
13.896092,124,89,3.97,0.549382716,E,1569
17.481748,108,83,4.01,0.512345679,E,1571
20.558333,106,88,3.72,0.543209877,E,1502
35.1675,126,84,4.01,0.518518519,E,1486
43.610584,84,73,3.58,0.450617284,E,1343
37.120583,114,80,3.77,0.49382716,E,1451
37.859084,120,54,4.93,0.469565217,E,1038
32.455518,175,86,4.39,0.597222222,E,1399
42.3935,209,85,4.98,0.524691358,E,1631
43.55875,185,78,4.85,0.481481481,E,1684
56.757,205,92,4.18,0.567901235,E,1568
63.4975,176,94,4,0.580246914,E,1551
77.940333,167,85,4.23,0.524691358,E,1503
110.035833,198,82,4.15,0.50931677,E,1493
108.36606,177,93,3.75,0.574074074,E,1560
99.9465,238,95,4.48,0.586419753,E,1667
127.2985,222,98,4.18,0.604938272,E,1613
123.505125,199,95,4.74,0.586419753,E,1579
120.099824,192,86,4.83,0.530864198,E,1510
143.026214,166,96,3.87,0.592592593,E,1561
133.390035,173,95,4.01,0.586419753,E,1565
121.345999,212,95,4.35,0.586419753,E,1495
162.447333,211,89,4.2,0.549382716,E,1511
161.762475,203,90,4.2,0.555555556,E,1600
173.186617,165,69,4.7,0.425925926,E,1459
151.53,178,97,3.79,0.598765432,E,1566
139.019929,123,71,4.01,0.438271605,E,1355
181.1034,161,78,4.31,0.481481481,E,1495
188.545761,208,93,4,0.574074074,E,1598
14.427894,153,90,3.91,0.555555556,W,1364
14.427258,167,92,3.84,0.567901235,W,1387
12.843499,172,75,4.38,0.462962963,W,1406
11.947388,124,75,4.32,0.462962963,W,1458
15.097833,145,91,3.28,0.561728395,W,1422
21.72,147,80,3.79,0.49382716,W,1448
33.060001,115,81,3.69,0.5,W,1396
34.749334,88,72,3.84,0.444444444,W,1306
28.588334,114,71,4.34,0.438271605,W,1399
25.156218,120,47,5.42,0.408695652,W,1042
31.223171,186,78,4.52,0.537931034,W,1390
28.738,192,70,5.3,0.434782609,W,1571
9.846178,146,85,4.07,0.524691358,W,1386
10.418819,121,72,3.93,0.444444444,W,1335
10.641843,173,77,4.3,0.475308642,W,1427
6.39,132,71,4.12,0.440993789,W,1327
7.26541,94,69,4.23,0.428571429,W,1493
9.4915,106,94,3.61,0.580246914,W,1393
16.919667,139,87,3.79,0.537037037,W,1464
30.160833,110,86,3.82,0.530864198,W,1434
39.696166,162,94,3.7,0.580246914,W,1454
39.183836,121,67,3.96,0.592920354,C,1133
46.961282,146,68,4.85,0.472222222,C,1417
45.1395,195,85,4.52,0.524691358,C,1586
57.74,158,80,4.73,0.49689441,C,1498
38.335,198,80,5.22,0.49382716,C,1516
25.62,162,75,4.92,0.465838509,C,1563
31.1335,216,95,4.66,0.586419753,C,1615
65.653667,214,83,4.55,0.512345679,C,1463
57.052833,217,81,4.53,0.5,C,1475
51.01,220,86,4.17,0.530864198,C,1445
65.2125,242,83,4.91,0.512345679,C,1481
75.178,200,99,3.61,0.611111111,C,1450
102.750667,236,90,4.61,0.555555556,C,1586
108.671833,190,72,4.77,0.444444444,C,1341
121.189332,235,89,4.06,0.54601227,C,1458
96.0685,184,79,4.14,0.487654321,C,1410
105.53,177,88,4.09,0.543209877,C,1467
127.789,154,79,4.1,0.487654321,C,1387
96.9195,211,85,4.02,0.524691358,C,1409
120.065277,148,63,3.98,0.388888889,C,1385
81.8305,155,73,4.29,0.450617284,C,1400
112.3737,136,76,3.98,0.469135802,C,1381
112.998667,168,78,4.1,0.481481481,C,1428
12.702917,150,77,4.16,0.47826087,E,1397
17.208165,155,70,4.49,0.4375,E,1409
14.307999,209,76,4.55,0.472049689,E,1475
13.119198,113,77,3.84,0.475308642,E,1481
10.668,124,93,3.43,0.574074074,E,1438
13.624,136,77,4.34,0.475308642,E,1474
23.175667,159,77,4.03,0.48125,E,1395
29.829686,104,78,3.39,0.481481481,E,1420
39.386666,161,84,4.18,0.518518519,E,1521
36.287333,109,49,4.47,0.433628319,C,1015
29.505834,158,73,4.13,0.506944444,C,1315
33.081,175,76,4.36,0.469135802,C,1388
42.155333,127,68,4.44,0.419753086,C,1444
50.838,212,90,4.47,0.552147239,C,1494
62.343,189,67,5.27,0.413580247,C,1411
60.539333,183,65,5.25,0.401234568,C,1426
64.715833,194,88,4.03,0.543209877,C,1409
75.690833,200,67,4.29,0.413580247,C,1351
79.868333,172,88,3.83,0.543209877,C,1431
90.56,235,89,3.81,0.549382716,C,1508
87.032933,194,79,4.19,0.487654321,C,1506
94.424499,166,66,4.74,0.407407407,C,1496
99.670332,151,85,4.04,0.524691358,C,1530
118.345833,184,97,3.87,0.602484472,C,1552
134.809,161,83,3.84,0.51552795,C,1398
146.609,149,75,4.18,0.462962963,C,1414
125.047329,148,71,4.33,0.438271605,C,1423
88.197033,137,61,4.51,0.37654321,C,1297
100.567726,172,66,4,0.407407407,C,1307
65.5225,157,73,3.91,0.450617284,C,1315
115.87931,171,97,3.36,0.598765432,C,1341
154.067668,199,103,3.15,0.639751553,C,1409
8.359917,114,89,3.71,0.552795031,W,1385
11.906388,144,86,3.91,0.530864198,W,1404
9.2815,192,84,4.24,0.518518519,W,1478
8.888409,122,87,3.35,0.540372671,W,1334
11.072,128,75,3.73,0.462962963,W,1362
14.37,125,91,3.39,0.561728395,W,1466
26.305333,164,74,3.83,0.456790123,W,1419
35.931499,99,90,3.46,0.555555556,W,1418
44.879666,137,73,4.51,0.450617284,W,1457
40.961833,124,66,3.78,0.578947368,C,1142
43.14467,161,85,4.03,0.590277778,C,1326
42.526334,191,81,4.32,0.5,C,1398
49.768,142,76,4.41,0.469135802,C,1386
23.005,138,77,4.44,0.475308642,C,1441
33.962761,209,96,3.98,0.588957055,C,1536
46.8672,200,85,4.33,0.524691358,C,1545
48.986,176,66,4.77,0.407407407,C,1464
45.05039,169,78,4.27,0.481481481,C,1386
59.355667,182,69,5.09,0.425925926,C,1349
46.61525,194,76,5.19,0.469135802,C,1380
61.892583,222,73,5.15,0.450617284,C,1453
60.909519,217,80,4.51,0.49382716,C,1419
68.52498,204,72,4.94,0.444444444,C,1496
74.117695,187,74,4.55,0.456790123,C,1351
73.5585,158,78,4.18,0.481481481,C,1349
71.761542,188,91,4.01,0.561728395,C,1515
75.947134,183,79,4.16,0.487654321,C,1438
82.203616,172,97,3.34,0.598765432,C,1377
106.404462,155,90,3.38,0.555555556,C,1370
108.2175,131,76,3.59,0.469135802,C,1282
113.072286,167,64,4.33,0.395061728,C,1382
88.940059,164,68,4.91,0.419753086,C,1403
6.551666,116,60,4.91,0.37037037,E,1465
7.8095,157,84,4.58,0.518518519,E,1620
8.51375,187,61,5.28,0.37654321,E,1476
8.9365,134,78,4.16,0.481481481,E,1435
9.0945,127,73,3.65,0.450617284,E,1340
14.487,110,77,4.26,0.475308642,E,1465
17.635,79,57,4.23,0.351851852,E,1390
9.373044,127,76,4.11,0.469135802,E,1495
18.561,141,76,4.58,0.469135802,E,1547
30.4905,167,66,4.36,0.584070796,C,1165
37.937835,207,100,3.83,0.694444444,C,1461
48.10736,218,99,4.34,0.614906832,C,1665
56.80246,220,86,4.73,0.534161491,C,1589
60.800166,198,89,4.44,0.549382716,C,1530
72.978462,209,97,4.89,0.598765432,C,1629
75.880771,221,90,4.84,0.555555556,C,1639
93.152001,212,91,4.64,0.561728395,C,1559
78.909449,192,74,4.91,0.456790123,C,1349
48.584834,158,68,4.21,0.419753086,C,1413
34.3193,184,80,4.81,0.49382716,C,1565
41.5025,207,93,3.61,0.574074074,C,1522
56.0315,196,78,4.41,0.481481481,C,1576
61.673267,178,96,4.05,0.592592593,C,1504
78.970066,171,81,4.45,0.5,C,1455
81.579166,161,65,5.06,0.401234568,C,1468
61.203966,128,69,4.3,0.425925926,C,1362
48.776566,154,80,4.23,0.49382716,C,1380
78.4303,136,68,4.78,0.419753086,C,1385
75.7718,171,92,3.82,0.567901235,C,1391
82.151899,142,85,3.56,0.524691358,C,1411
87.663766,141,81,3.67,0.50310559,C,1395
74.3119,185,94,3.84,0.583850932,C,1435
10.3535,142,67,5.41,0.413580247,W,1507
23.887333,125,53,5.15,0.452991453,W,1098
34.154717,200,77,4.97,0.534722222,W,1406
40.179823,221,83,5.59,0.512345679,W,1607
43.559667,239,83,5.25,0.512345679,W,1611
50.484648,183,77,4.99,0.475308642,W,1640
61.935837,223,72,6.01,0.444444444,W,1644
61.11119,161,82,5.26,0.50617284,W,1664
71.541334,213,73,5.29,0.450617284,W,1663
56.851043,152,73,5.2,0.450617284,W,1508
67.179667,198,74,5.2,0.456790123,W,1472
65.445167,202,68,5.54,0.419753086,W,1531
47.839,150,67,5.13,0.413580247,W,1477
41.233,157,76,4.66,0.469135802,W,1504
54.041,171,90,4.32,0.552147239,W,1591
68.6555,160,74,4.77,0.456790123,W,1462
75.201,190,92,4.22,0.567901235,W,1408
84.227,173,83,4.14,0.512345679,W,1452
88.148071,163,73,4.43,0.450617284,W,1429
78.069571,166,64,5.22,0.395061728,W,1526
74.409071,159,74,4.44,0.456790123,W,1511
95.4035,186,66,4.84,0.407407407,W,1551
95.6886,186,68,5.04,0.419753086,W,1479
112.645071,204,75,4.91,0.462962963,W,1544
10.348143,202,84,3.78,0.52173913,E,1413
12.335714,198,87,4.02,0.537037037,E,1447
12.122881,225,98,4.02,0.604938272,E,1535
12.869571,143,88,3.71,0.543209877,E,1358
15.146404,116,59,4.53,0.364197531,E,1315
17.593238,172,79,4.39,0.487654321,E,1418
23.838333,209,84,4.51,0.518518519,E,1372
27.322834,182,75,4.6,0.462962963,E,1411
38.150165,178,85,4.65,0.524691358,E,1546
41.446501,161,53,5.38,0.460869565,E,1048
37.044168,159,60,5.49,0.416666667,E,1204
23.438,204,53,6.38,0.327160494,E,1413
17.272,176,79,4.56,0.487654321,E,1415
24.065,165,65,4.93,0.401234568,C,1494
36.489666,212,69,5.17,0.428571429,C,1433
58.265167,177,79,4.71,0.487654321,C,1553
53.416167,139,66,5.01,0.407407407,C,1439
55.048,124,55,4.92,0.341614907,C,1340
49.168,153,43,5.3,0.265432099,C,1312
46.832,201,72,4.93,0.444444444,C,1531
69.092,168,71,4.51,0.438271605,C,1521
82.612866,203,95,3.84,0.586419753,C,1548
94.800369,177,88,4.57,0.543209877,C,1652
137.685196,200,74,4.9,0.456790123,C,1529
115.085145,183,86,4.29,0.527607362,C,1443
122.864928,152,81,4.3,0.5,C,1515
105.700231,169,95,4.04,0.586419753,C,1540
132.3,163,88,3.75,0.543209877,C,1467
145.9895,176,93,3.61,0.574074074,C,1625
152.8555,155,90,4.01,0.555555556,C,1557
172.28475,151,74,4.64,0.459627329,C,1515
194.876481,211,86,4.24,0.534161491,C,1476
19.330545,94,64,4.13,0.395061728,E,1356
21.633,94,51,4.5,0.443478261,E,1043
24.515781,144,67,4.27,0.468531469,E,1278
31.0225,150,80,3.95,0.49382716,E,1413
48.6925,136,92,3.83,0.567901235,E,1410
41.322667,114,54,5.18,0.333333333,E,1381
21.085,128,64,4.9,0.395061728,E,1465
19.872,160,79,4.59,0.49068323,E,1441
35.7625,166,76,4.32,0.469135802,E,1461
41.979917,146,79,4.36,0.487654321,E,1433
49.45,157,91,4.04,0.561728395,E,1459
42.143042,148,83,4.1,0.512345679,E,1447
60.408834,128,83,4.16,0.512345679,E,1499
14.6715,182,78,4.37,0.481481481,E,1454
30.507,201,71,4.94,0.438271605,E,1504
21.8115,208,84,4.43,0.52173913,E,1397
36.834,159,87,4.29,0.537037037,E,1493
57.029719,152,80,4.08,0.49382716,E,1403
56.944,149,72,3.95,0.444444444,E,1358
9.993051,121,83,3.66,0.512345679,W,1457
9.873276,125,96,3.15,0.592592593,W,1388
12.608371,122,76,3.84,0.469135802,W,1386
12.286167,96,82,3.41,0.50617284,W,1338
15.0295,97,86,3.64,0.530864198,W,1316
18.33,94,75,3.61,0.462962963,W,1301
12.8525,79,65,4,0.401234568,W,1345
15.4075,96,81,3.72,0.5,W,1350
30.2105,138,85,3.49,0.524691358,W,1459
33.126,120,66,3.97,0.573913043,C,1099
34.169834,109,76,4.06,0.527777778,C,1403
28.487,129,82,4.37,0.50617284,C,1445
34.7775,133,84,3.66,0.518518519,C,1427
42.374,166,102,3.5,0.62962963,C,1578
54.914,168,97,3.83,0.598765432,C,1463
51.289111,249,72,5.42,0.444444444,C,1547
60.612667,208,93,4.37,0.574074074,C,1500
63.448417,167,84,4,0.518518519,C,1441
71.04,191,87,3.86,0.537037037,C,1466
75.397,187,92,4.05,0.567901235,C,1458
76.779,161,89,3.51,0.549382716,C,1400
88.694435,174,82,4.08,0.50617284,C,1407
87.759,167,73,4.68,0.450617284,C,1457
88.930414,167,86,4.36,0.534161491,C,1432
102.996414,142,74,4.54,0.456790123,C,1415
92.3555,108,76,4.09,0.469135802,C,1348
70.694,95,56,4.51,0.345679012,C,1442
60.651,146,55,4.56,0.339506173,C,1276
17.8907,148,51,4.79,0.314814815,W,1307
35.1163,163,70,4.11,0.432098765,W,1317
72.2562,230,86,3.57,0.530864198,W,1363
94.8937,198,84,4.06,0.518518519,W,1367
9.321179,154,91,3.49,0.561728395,W,1384
13.043698,137,76,3.82,0.469135802,W,1403
11.828056,168,83,3.86,0.512345679,W,1443
14.556562,121,84,3.65,0.52173913,W,1419
18.683568,101,92,3.55,0.567901235,W,1428
23.361084,100,75,3.93,0.465838509,W,1465
26.319834,117,82,3.92,0.50617284,W,1475
33.893834,75,72,3.81,0.444444444,W,1411
41.346167,125,84,4.04,0.518518519,W,1455
40.541334,100,64,4.23,0.556521739,C,1051
29.532834,119,70,4.49,0.486111111,C,1275
20.28125,123,75,4.55,0.465838509,C,1477
34.655,158,67,4.7,0.416149068,C,1478
36.8625,134,72,5.15,0.447204969,C,1459
26.225,151,64,5.35,0.397515528,C,1584
23.433,150,77,5.48,0.475308642,C,1644
35.4225,152,65,4.87,0.401234568,C,1503
47.257,140,62,5.21,0.382716049,C,1415
40.518,162,83,5.05,0.512345679,C,1526
47.609,150,58,5.15,0.358024691,C,1432
36.881,126,56,5.49,0.345679012,C,1445
47.294,124,62,5.65,0.382716049,C,1515
67.1165,102,69,4.48,0.425925926,C,1447
58.2455,120,75,4.48,0.462962963,C,1507
70.519333,144,65,4.83,0.401234568,C,1432
71.40521,121,67,4.97,0.413580247,C,1534
35.712,129,71,4.44,0.438271605,C,1560
60.916225,131,72,4.3,0.444444444,C,1492
80.091725,112,86,3.45,0.530864198,C,1443
74.594075,95,89,3.51,0.549382716,C,1456
112.107025,139,95,3.73,0.586419753,C,1497
131.487125,147,81,4.21,0.5,C,1450
94.867822,147,95,3.68,0.586419753,W,1520
103.472,159,89,4.04,0.549382716,W,1539
109.251333,123,94,4.23,0.580246914,W,1578
119.216333,159,100,3.99,0.617283951,W,1486
113.709,173,97,4.45,0.598765432,W,1604
104.963866,155,80,4.04,0.49382716,W,1363
138.543166,155,86,3.57,0.530864198,W,1394
154.485166,187,89,4.02,0.549382716,W,1518
124.17475,164,78,4.23,0.481481481,W,1476
121.98825,155,98,3.58,0.604938272,W,1464
120.005415,176,85,3.94,0.524691358,W,1331
137.251333,156,74,4.28,0.456790123,W,1410
10.967917,129,95,2.96,0.586419753,W,1434
14.913776,130,73,3.76,0.450617284,W,1373
13.675403,125,73,3.72,0.450617284,W,1389
16.850515,99,94,2.96,0.583850932,W,1346
21.071562,89,77,2.95,0.48125,W,1313
21.318704,129,86,3.72,0.530864198,W,1436
32.790664,108,93,3.06,0.574074074,W,1366
44.788166,72,63,3.41,0.388888889,W,1333
39.331999,130,81,3.5,0.5,W,1458
38.000001,115,58,4.17,0.50877193,W,1055
39.273201,140,78,3.66,0.541666667,W,1303
35.355,150,90,3.46,0.555555556,W,1396
45.380304,174,88,3.62,0.543209877,W,1488
48.82,159,83,3.81,0.512345679,W,1374
80.862453,187,77,4.45,0.475308642,W,1480
87.924286,211,86,4.1,0.530864198,W,1408
109.105953,206,86,4.25,0.530864198,W,1399
94.850953,155,92,3.69,0.567901235,W,1464
105.57262,124,85,3.16,0.524691358,W,1328
92.902001,203,93,4.01,0.574074074,W,1450
83.039,149,71,4.38,0.438271605,W,1374
98.447187,153,88,4.23,0.543209877,W,1552
108.454524,129,82,4.2,0.50617284,W,1544
118.588536,137,84,3.68,0.518518519,W,1455
100.414592,145,95,3.41,0.586419753,W,1511
95.358016,120,80,4.01,0.49382716,W,1368
104.188999,117,82,3.54,0.50931677,W,1395
95.143575,116,86,3.34,0.530864198,W,1369
223.362196,138,92,3.25,0.567901235,W,1447
217.0146,134,94,3.4,0.580246914,W,1476
215.792,187,92,3.44,0.567901235,W,1346
221.28838,189,91,3.7,0.561728395,W,1376
118.078,137,69,4.09,0.425925926,E,1327
33.6019,95,62,3.71,0.382716049,E,1257
41.8369,122,77,3.78,0.475308642,E,1399
68.0565,120,71,4.02,0.438271605,E,1420
77.314202,128,79,4.05,0.49068323,E,1460
33.914904,152,74,4.63,0.456790123,C,1439
43.377395,165,74,5.07,0.459627329,C,1524
36.505333,177,73,4.63,0.450617284,C,1366
43.886833,209,68,4.64,0.419753086,C,1378
50.287833,139,56,4.73,0.345679012,C,1369
40.627,196,68,5.02,0.419753086,C,1423
27.5285,135,67,4.24,0.416149068,C,1358
39.934833,175,81,3.97,0.5,C,1413
57.568333,180,75,4.82,0.462962963,C,1400
70.9865,231,83,4.41,0.512345679,C,1455
80.937499,198,90,3.85,0.555555556,C,1398
80.182502,182,80,4.83,0.49382716,C,1447
81.108278,182,77,4.58,0.475308642,C,1471
85.497333,185,96,3.63,0.592592593,C,1422
97.653944,202,83,4.22,0.512345679,C,1442
76.947033,157,74,3.84,0.456790123,C,1381
101.217,150,82,3.67,0.50617284,C,1366
100.85,145,68,4.28,0.419753086,C,1378
68.775237,194,73,4.08,0.450617284,C,1299
5.764821,141,77,4.48,0.475308642,W,1453
8.748167,196,71,4.77,0.438271605,W,1446
6.3975,196,85,4.63,0.524691358,W,1422
12.462666,151,91,3.93,0.561728395,W,1508
15.531666,117,80,4.28,0.49382716,W,1542
14.602,100,74,4.12,0.456790123,W,1458
23.361833,140,95,3.69,0.586419753,W,1557
28.027834,104,90,3.7,0.555555556,W,1544
28.217933,121,71,4.71,0.438271605,W,1480
28.4385,103,53,5.68,0.469026549,C,1092
25.4105,120,56,5.76,0.388888889,C,1398
23.117,118,78,5.28,0.481481481,C,1633
34.0725,132,68,5,0.419753086,C,1522
27.9275,115,70,4.75,0.432098765,C,1499
21.2575,105,63,5,0.39375,C,1450
16.5195,116,69,5.14,0.425925926,C,1516
24.13,164,85,4.51,0.524691358,C,1514
40.425,167,94,4.12,0.583850932,C,1518
55.505,155,90,4.41,0.555555556,C,1567
53.585,191,92,4.03,0.567901235,C,1494
56.186,134,83,3.71,0.512345679,C,1441
63.396006,143,96,3.95,0.592592593,C,1608
71.4395,118,79,4.15,0.487654321,C,1460
56.932766,111,88,4.16,0.539877301,C,1572
65.299266,172,87,4.5,0.533742331,C,1539
97.559166,142,94,3.95,0.580246914,C,1521
112.737,103,63,4.58,0.388888889,C,1357
94.085,131,66,4.77,0.407407407,C,1448
75.3375,151,66,4.55,0.407407407,C,1346
83.7625,128,70,4.57,0.432098765,C,1412
107.755,156,83,4.07,0.512345679,C,1349
102.5832,200,59,5.08,0.364197531,C,1409
11.284107,101,71,4.39,0.440993789,E,1467
9.943642,127,77,4.01,0.47826087,E,1393
7.293224,163,91,4.62,0.561728395,E,1552
8.402,113,87,3.45,0.537037037,E,1409
11.533,126,81,3.8,0.5,E,1415
19.719167,128,74,4.08,0.456790123,E,1408
23.1155,116,83,4.14,0.512345679,E,1523
31.013667,82,92,3.43,0.567901235,E,1477
23.806834,125,69,4.45,0.425925926,E,1426
24.3505,99,53,4.62,0.460869565,C,1045
17.798825,128,65,4.82,0.451388889,C,1329
21.73,178,80,5.14,0.49382716,C,1578
23.655338,135,78,4.22,0.48447205,C,1415
9.470166,118,84,3.55,0.52173913,E,1342
11.1036,110,78,3.78,0.48447205,E,1401
6.942052,120,91,3.92,0.561728395,E,1467
9.603333,107,81,3.08,0.5,E,1400
13.807389,100,81,3.48,0.5,E,1353
16.586388,114,85,3.37,0.524691358,E,1363
10.732333,95,71,3.64,0.440993789,E,1329
15.822334,102,87,3.25,0.537037037,E,1381
18.899333,122,94,3.55,0.580246914,E,1410
19.098,108,74,3.56,0.649122807,E,1111
12.364,118,66,4.11,0.458333333,E,1268
16.2645,148,88,3.78,0.543209877,E,1441
19.2955,172,78,4.14,0.481481481,E,1423
10.6415,147,65,4.38,0.401234568,E,1348
17.903,163,68,4.69,0.419753086,E,1473
32.994333,178,67,5.13,0.413580247,E,1475
35.1595,131,68,4.68,0.419753086,E,1361
38.6705,162,83,3.97,0.512345679,E,1432
51.9485,144,83,4.01,0.512345679,E,1404
40.8975,151,67,4.33,0.413580247,E,1361
14.238204,176,97,3.69,0.602484472,E,1458
18.494253,188,90,4.11,0.555555556,E,1512
17.099714,196,89,4.36,0.549382716,E,1445
19.441152,148,85,4.26,0.527950311,E,1469
17.114375,130,74,4.5,0.459627329,E,1470
20.912318,147,67,4.21,0.413580247,E,1322
27.344168,147,71,4.42,0.438271605,E,1418
37.543334,163,76,4.21,0.469135802,E,1462
42.6249,178,88,4.35,0.543209877,E,1568
45.731334,139,70,4.34,0.619469027,E,1155
48.874851,122,79,4.56,0.548611111,E,1365
54.191792,162,92,4.65,0.567901235,E,1621
62.241545,161,96,3.84,0.592592593,E,1636
66.806867,207,114,3.82,0.703703704,E,1625
86.734359,193,98,4.13,0.604938272,E,1568
92.33826,205,87,4.76,0.540372671,E,1541
112.287143,203,95,4.02,0.59375,E,1488
125.928583,223,103,3.87,0.639751553,E,1540
152.749814,230,101,4.02,0.62345679,E,1518
184.19395,242,101,4.69,0.62345679,E,1483
208.306817,229,95,4.52,0.586419753,E,1552
194.663079,210,97,4.41,0.598765432,E,1608
189.259045,201,94,4.49,0.580246914,E,1656
207.896789,180,89,4.28,0.549382716,E,1512
201.449189,244,103,4.26,0.635802469,E,1604
206.333389,201,95,4.06,0.586419753,E,1485
202.275028,222,97,3.73,0.598765432,E,1452
196.522289,245,95,3.84,0.586419753,E,1462
231.978886,144,85,3.94,0.524691358,E,1321
197.543907,147,84,3.75,0.518518519,E,1349
212.751957,212,87,4.03,0.537037037,E,1397
222.997792,183,84,4.16,0.518518519,E,1378
10.834762,134,98,3.11,0.604938272,E,1425
15.393714,148,108,3.11,0.666666667,E,1462
13.846714,192,92,3.84,0.567901235,E,1499
15.269314,152,100,2.91,0.625,E,1387
19.885071,147,87,3.29,0.537037037,E,1351
21.722834,172,91,3.43,0.561728395,E,1410
32.590001,117,77,3.56,0.47826087,E,1305
44.602002,93,72,3.66,0.444444444,E,1254
39.043667,158,59,4.05,0.364197531,E,1350
30.956583,117,55,4.13,0.486725664,E,966
27.674992,125,69,3.88,0.479166667,E,1323
24.4795,147,71,4.22,0.438271605,E,1515
39.8004,153,88,3.95,0.543209877,E,1448
52.077999,136,88,3.76,0.543209877,E,1425
65.092092,181,97,4.27,0.595092025,E,1553
79.509776,198,94,4.16,0.580246914,E,1445
93.174428,147,82,4.07,0.50617284,E,1361
94.633593,160,75,3.89,0.465838509,E,1409
116.876429,124,66,4.48,0.409937888,E,1317
96.66097,185,71,4.09,0.438271605,E,1376
101.305821,175,83,3.76,0.512345679,E,1421
101.084963,200,97,4.14,0.598765432,E,1469
115.231663,177,88,4.26,0.543209877,E,1543
137.793376,172,89,4.07,0.549382716,E,1491
149.373987,95,70,4.45,0.432098765,E,1472
134.422942,128,79,3.7,0.487654321,E,1361
118.847309,108,77,4.19,0.475308642,E,1477
93.353983,139,74,4.09,0.456790123,E,1357
49.448346,130,74,3.77,0.456790123,E,1318
85.55699,125,79,3.49,0.487654321,E,1306
96.766683,177,90,3.43,0.555555556,E,1351
133.889129,218,87,3.57,0.537037037,E,1342
9.058606,155,77,4.41,0.475308642,W,1475
9.779421,163,76,4.31,0.469135802,W,1370
11.680839,199,81,4.32,0.5,W,1432
9.69,156,104,3.44,0.641975309,W,1474
15.61307,127,99,3.09,0.611111111,W,1414
19.887501,164,103,3.18,0.635802469,W,1379
36.999167,159,84,4.57,0.518518519,W,1342
41.035,142,96,3.73,0.592592593,W,1389
37.812333,158,68,4.9,0.419753086,W,1408
34.1725,113,51,4.8,0.447368421,W,1009
37.739225,169,67,4.93,0.465277778,W,1296
21.243,243,78,5.2,0.481481481,W,1492
24.0185,197,65,5.48,0.401234568,W,1451
21.303,149,74,4.81,0.456790123,W,1413
24.431833,235,87,4.69,0.537037037,W,1430
31.971333,239,91,4.58,0.565217391,W,1501
33.81075,199,102,3.59,0.62962963,W,1469
40.004167,205,103,3.68,0.635802469,W,1450
50.260834,176,96,3.63,0.592592593,W,1398
59.425667,189,91,4.17,0.561728395,W,1545
55.425762,155,88,3.69,0.543209877,W,1476
62.243079,175,93,4.21,0.574074074,W,1429
79.36694,171,76,4.28,0.469135802,W,1430
47.967126,125,75,4.01,0.465838509,W,1318
61.91,135,75,4.26,0.462962963,W,1464
55.2549,109,81,3.56,0.5,W,1396
66.5365,114,74,3.71,0.456790123,W,1330
55.3725,195,94,3.48,0.580246914,W,1315
60.1325,186,96,3.56,0.592592593,W,1403
72.4084,146,88,3.22,0.543209877,W,1354
79.053501,146,68,4.14,0.419753086,W,1405
86.806234,169,69,4.51,0.425925926,W,1352
10.124966,141,75,3.68,0.462962963,E,1343
11.590166,154,86,3.85,0.534161491,E,1386
11.514233,169,80,4.18,0.49382716,E,1390
13.838,106,65,4.14,0.403726708,E,1294
10.604,123,67,4.04,0.413580247,E,1324
13.173667,103,77,4.07,0.475308642,E,1410
22.487332,111,78,3.86,0.481481481,E,1332
24.383834,118,70,4.11,0.432098765,E,1392
28.538334,156,97,3.95,0.598765432,E,1555
31.599,80,54,3.85,0.469565217,E,1028
30.555945,94,69,4.21,0.479166667,E,1296
34.3145,132,67,4.48,0.413580247,E,1405
36.6565,116,68,4.85,0.419753086,E,1390
36.2975,126,75,4.64,0.462962963,E,1482
31.6925,161,77,4.92,0.475308642,E,1539
47.308,144,65,4.77,0.401234568,E,1386
41.663833,164,86,4.15,0.530864198,E,1431
57.954999,165,80,4.17,0.49689441,E,1428
70.78,166,86,4.04,0.530864198,E,1448
92.919167,215,86,4.45,0.530864198,E,1505
95.522,167,88,4.21,0.543209877,E,1494
88.273333,216,85,4.6,0.524691358,E,1518
89.428213,213,89,4.73,0.549382716,E,1558
97.87988,214,92,3.88,0.567901235,E,1407
113.004046,224,93,4.16,0.574074074,E,1439
141.928379,166,97,3.67,0.598765432,E,1451
172.976379,153,102,3.02,0.62962963,E,1409
174.538938,158,81,3.83,0.5,E,1414
169.863189,140,73,4.32,0.450617284,E,1355
180.944967,125,73,3.79,0.450617284,E,1356
111.693,130,63,4.69,0.388888889,E,1374
58.98,161,71,4.63,0.438271605,E,1305
9.2275,80,57,3.97,0.354037267,E,1340
10.8435,111,64,3.9,0.395061728,E,1366
7.652,131,80,4.2,0.49382716,E,1464
5.9985,110,85,3.47,0.53125,E,1327
12.7375,95,74,3.64,0.456790123,E,1334
15.556,138,95,3.4,0.586419753,E,1395
23.634667,126,98,3.44,0.604938272,E,1433
33.944167,106,96,3.35,0.592592593,E,1409
24.822467,110,75,4.77,0.462962963,E,1482
24.21725,80,53,4.64,0.464912281,C,1001
18.355345,125,58,4.7,0.402777778,C,1281
23.0175,138,73,4.61,0.450617284,C,1509
10.771667,129,79,4.28,0.487654321,C,1440
15.065,107,69,3.91,0.425925926,C,1395
24.697666,171,78,4.33,0.48447205,C,1417
28.928334,168,69,4.94,0.425925926,C,1506
57.760833,161,62,5.05,0.382716049,C,1333
42.323599,142,72,4.23,0.447204969,C,1300
54.812429,163,75,4.64,0.462962963,C,1492
32.227929,142,72,4.29,0.447204969,C,1428
38.133,139,67,4.42,0.413580247,C,1445
46.71775,141,67,4.52,0.413580247,C,1462
38.537833,148,68,4.93,0.419753086,C,1463
48.689783,153,67,5.08,0.413580247,C,1454
48.693,125,62,4.59,0.385093168,C,1364
34.943,126,57,5,0.351851852,C,1303
45.047,107,72,4.04,0.444444444,C,1325
62.951999,170,79,3.86,0.487654321,C,1313
77.062,161,94,3.26,0.580246914,C,1346
77.178,156,88,3.47,0.543209877,C,1436
88.892499,140,98,3.21,0.604938272,C,1462
103.778833,153,78,4.21,0.48447205,C,1426
11.036583,109,83,3.4,0.512345679,W,1405
11.380693,136,74,3.99,0.456790123,W,1442
11.065796,113,65,4.27,0.401234568,W,1419
9.561002,94,83,3.28,0.51552795,W,1325
14.195,120,89,3.38,0.549382716,W,1360
17.588334,123,75,3.68,0.462962963,W,1429
22.150001,121,84,3.57,0.518518519,W,1321
26.854167,135,82,3.56,0.50617284,W,1396
25.511333,153,61,4.23,0.37654321,W,1386
14.916333,92,47,4.08,0.401709402,W,1117
26.382334,116,70,4.13,0.486111111,W,1345
28.348172,147,91,3.72,0.561728395,W,1499
37.363672,152,76,4.98,0.469135802,W,1519
46.8615,167,98,3.63,0.604938272,W,1390
49.768179,153,74,4.47,0.456790123,W,1360
54.821,157,76,4.52,0.469135802,W,1413
39.182833,161,79,4.52,0.487654321,W,1379
41.425,136,66,4.62,0.407407407,W,1393
45.21,128,64,4.87,0.395061728,W,1442
55.384833,139,87,4.03,0.537037037,W,1521
63.290833,130,82,4.13,0.50617284,W,1416
69.896141,161,88,3.87,0.543209877,W,1465
58.110567,171,89,3.7,0.54601227,W,1408
73.677616,154,63,4.41,0.388888889,W,1390
43.3337,141,75,4.37,0.462962963,W,1315
37.7993,132,90,3.39,0.555555556,W,1338
45.86914,91,71,3.42,0.438271605,W,1284
55.2447,121,76,4.01,0.469135802,W,1339
65.5855,146,76,3.98,0.469135802,W,1349
75.6857,109,77,3.27,0.475308642,W,1199
118.4413,148,74,4.09,0.456790123,W,1324
101.424814,177,68,4.43,0.419753086,W,1275
4.613,171,74,4.68,0.456790123,W,1410
5.958309,158,67,4.65,0.413580247,W,1392
2.2635,161,78,4.49,0.481481481,W,1499
7.34245,148,68,4.15,0.422360248,W,1397
9.7795,134,73,4,0.450617284,W,1417
12.553667,107,77,3.69,0.475308642,W,1419
15.691833,126,83,3.79,0.512345679,W,1400
23.179833,149,64,4.55,0.395061728,W,1466
32.696333,161,82,4.2,0.50617284,W,1429
29.2285,153,49,4.99,0.4375,W,1045
36.481311,182,79,4.5,0.544827586,W,1377
41.328501,245,85,5.21,0.527950311,W,1625
41.540661,264,90,4.78,0.555555556,W,1574
54.087036,234,76,4.93,0.472049689,W,1553
54.125003,244,79,5.24,0.487654321,W,1499
58.915,198,91,4.49,0.561728395,W,1481
74.720834,169,116,3.54,0.716049383,W,1637
80.282668,152,93,4.07,0.574074074,W,1531
86.959167,139,93,3.76,0.574074074,W,1509
81.515834,136,63,4.76,0.388888889,W,1544
87.754334,130,69,4.49,0.425925926,W,1408
87.959833,172,78,4.6,0.481481481,W,1540
106.460833,153,88,4.73,0.543209877,W,1629
117.666482,124,61,4.73,0.37654321,W,1498
98.904166,160,85,3.87,0.524691358,W,1430
86.51,101,61,3.93,0.37654321,W,1274
86.1106,109,67,3.9,0.413580247,W,1263
81.9781,149,75,3.76,0.462962963,W,1285
74.005043,188,71,4.31,0.438271605,W,1318
92.5311,136,87,3.17,0.537037037,W,1328
122.2087,198,76,4.16,0.469135802,W,1379
135.683339,223,86,4,0.530864198,W,1446
8.221714,115,62,3.61,0.382716049,W,1263
8.947,114,83,3.33,0.512345679,W,1394
7.29,205,90,3.68,0.555555556,W,1458
12.38,113,83,3.39,0.512345679,W,1353
14.962834,141,92,3.3,0.567901235,W,1365
19.335333,152,85,4.08,0.524691358,W,1459
30.967666,141,75,4.03,0.462962963,W,1345
33.163168,105,72,3.61,0.444444444,W,1330
35.05,168,103,3.61,0.635802469,W,1534
42.638666,123,55,3.99,0.47826087,W,963
36.462777,152,67,4.86,0.465277778,W,1256
37.144725,153,68,4.71,0.419753086,W,1400
35.592378,172,90,4.39,0.555555556,W,1415
42.565834,161,89,4.18,0.54601227,W,1540
46.595057,188,86,4.71,0.530864198,W,1507
53.737826,226,97,4.21,0.598765432,W,1535
63.280167,235,90,4.18,0.555555556,W,1493
78.299835,198,95,3.54,0.590062112,W,1465
82.852167,180,100,3.73,0.621118012,W,1440
82.019166,183,91,4.29,0.561728395,W,1500
90.1995,128,75,4.33,0.462962963,W,1427
90.056419,163,76,4.63,0.472049689,W,1418
90.219056,131,71,4.19,0.438271605,W,1407
76.5945,94,72,4.38,0.444444444,W,1452
83.02645,122,88,3.55,0.543209877,W,1411
98.641333,162,92,3.36,0.567901235,W,1411
118.198333,121,86,3.2,0.530864198,W,1327
117.620683,103,94,3.68,0.580246914,W,1495
140.180334,107,76,4,0.469135802,W,1446
163.510167,132,88,3.5,0.543209877,W,1407
164.7015,136,84,3.72,0.518518519,W,1486
172.253778,130,87,3.65,0.537037037,W,1437
11.817083,87,101,3.1,0.62345679,E,1446
9.87501,58,79,3.37,0.49068323,E,1270
11.758,94,95,3.91,0.586419753,E,1449
12.88,71,76,3.47,0.469135802,E,1373
16.078833,73,86,3.36,0.530864198,E,1418
20.523334,73,70,3.87,0.432098765,E,1398
21.860001,68,84,3.69,0.518518519,E,1366
27.583836,94,83,3.38,0.512345679,E,1464
23.367334,118,87,4.09,0.537037037,E,1508
29.275601,108,53,5.14,0.464912281,C,1026
37.101,107,62,4.09,0.433566434,C,1182
40.269667,142,88,3.97,0.543209877,C,1468
45.456667,144,73,3.88,0.450617284,C,1409
54.672521,223,83,4.31,0.512345679,C,1444
49.778195,194,75,4.74,0.465838509,C,1461
61.453863,235,95,4.38,0.586419753,C,1481
78.538333,199,93,3.93,0.574074074,C,1469
74.660875,175,97,3.7,0.598765432,C,1475
83.786666,196,85,4.6,0.524691358,C,1580
83.228333,214,105,3.75,0.648148148,C,1544
92.106833,170,100,3.49,0.617283951,C,1494
88.891371,184,83,4.54,0.51552795,C,1484
90.286823,141,78,4.65,0.481481481,C,1513
99.624449,174,86,4.19,0.530864198,C,1585
88.528409,160,91,3.66,0.561728395,C,1436
93.540751,150,86,3.57,0.530864198,C,1456
105.433572,162,90,3.74,0.555555556,C,1513
110.300862,159,88,3.71,0.543209877,C,1526
92.26011,125,97,3.42,0.598765432,C,1494
120.693,105,90,3.5,0.555555556,C,1371
119.2415,137,100,2.94,0.617283951,C,1386
143.0535,225,86,4.08,0.530864198,C,1415
27.28,111,63,4.35,0.388888889,E,1450
38.87,145,69,5.06,0.425925926,E,1531
62.765129,162,69,4.86,0.428571429,E,1414
56.98,121,62,4.94,0.382716049,E,1426
34.38,133,55,5.29,0.341614907,E,1418
19.63,137,63,4.93,0.388888889,E,1501
29.556667,145,70,4.81,0.434782609,E,1416
29.679067,157,67,5.39,0.413580247,E,1519
34.917967,190,61,4.96,0.37654321,E,1395
24.1235,187,66,5.53,0.407407407,E,1500
43.820597,180,97,3.82,0.598765432,E,1443
63.313034,199,84,4.33,0.518518519,E,1434
71.923471,160,96,3.78,0.592592593,E,1343
41.053571,172,91,3.58,0.561728395,E,1324
64.1735,175,90,3.19,0.555555556,E,1293
52.955272,165,92,3.74,0.564417178,E,1421
72.6891,117,77,3.56,0.475308642,E,1361
64.521233,167,80,3.74,0.49382716,E,1383
57.09731,216,68,4.2,0.419753086,E,1333
7.6765,129,62,4.56,0.385093168,W,1359
6.743119,184,87,4.11,0.537037037,W,1479
0.88,194,75,4.63,0.462962963,W,1478
5.342131,112,70,4.05,0.434782609,W,1378
11.893781,122,83,3.91,0.512345679,W,1433
14.874372,110,83,3.83,0.512345679,W,1416
18.2245,177,85,4.47,0.524691358,W,1539
30.128167,159,77,4.09,0.475308642,W,1387
36.376959,181,86,4.28,0.530864198,W,1472
32.973597,124,52,5.45,0.456140351,W,1114
34.581451,138,74,4.66,0.513888889,W,1304
39.041528,221,90,4.65,0.555555556,W,1622
53.448838,187,77,4.69,0.475308642,W,1547
56.572095,201,88,4.99,0.543209877,W,1637
76.709931,230,95,5.07,0.586419753,W,1653
70.795921,173,71,5.52,0.438271605,W,1601
88.6335,246,73,5.71,0.450617284,W,1566
105.526122,230,72,5.15,0.444444444,W,1510
103.491667,239,71,5.67,0.438271605,W,1506
55.050417,227,89,4.53,0.549382716,W,1492
55.849,260,79,4.96,0.487654321,W,1528
68.228662,183,80,4.6,0.49382716,W,1571
68.318675,179,75,4.75,0.462962963,W,1460
67.712326,194,79,5.37,0.487654321,W,1619
68.178798,224,87,4.38,0.537037037,W,1436
55.250544,162,90,3.93,0.555555556,W,1556
92.299264,210,96,3.79,0.592592593,W,1599
120.510974,200,93,3.99,0.574074074,W,1526
112.5226,176,91,3.62,0.558282209,W,1465
112.255059,111,67,4.49,0.413580247,W,1400
143.742789,172,88,4.24,0.543209877,W,1419
176.038723,215,95,4.37,0.586419753,W,1446
8.81255,158,99,3.31,0.614906832,E,1482
12.611047,181,86,4.08,0.530864198,E,1540
10.479501,215,96,3.74,0.592592593,E,1514
12.241225,158,87,3.8,0.537037037,E,1491
16.261666,142,89,3.58,0.549382716,E,1449
17.756834,167,86,3.84,0.530864198,E,1479
19.902417,133,91,3.5,0.561728395,E,1412
44.788666,163,96,3.91,0.592592593,E,1458
47.279166,159,95,4.21,0.586419753,E,1556
43.433668,115,55,4.7,0.47826087,E,1064
50.59,140,56,4.88,0.388888889,E,1309
29.555083,177,74,4.57,0.456790123,E,1451
47.079833,147,76,3.92,0.469135802,E,1333
51.376,221,88,4.28,0.543209877,E,1482
45.444333,212,84,4.92,0.518518519,E,1580
44.838332,244,83,5.14,0.512345679,E,1562
76.895999,195,80,4.28,0.49382716,E,1489
76.864333,187,78,4.8,0.481481481,E,1457
51.269,190,86,4.69,0.530864198,E,1580
50.017,145,67,4.91,0.416149068,E,1438
45.7195,136,80,4.06,0.49382716,E,1480
71.365,199,87,4.37,0.537037037,E,1591
81.9428,165,83,4,0.512345679,E,1434
97.7939,126,86,3.49,0.530864198,E,1453
80.5383,209,75,4.47,0.462962963,E,1516
62.234,257,85,4.22,0.524691358,E,1364
62.5678,186,81,4.32,0.5,E,1384
75.0092,198,73,4.64,0.450617284,E,1346
126.2881,185,74,4.25,0.456790123,E,1398
109.9201,177,83,4,0.512345679,E,1435
112.9924,232,93,3.8,0.574074074,E,1480
138.7017,221,89,3.78,0.549382716,E,1358
48.5815,117,81,3.87,0.5,E,1367
63.143,164,71,5.03,0.438271605,E,1437
36.9475,123,73,4.58,0.450617284,E,1415
54.961,117,59,4.66,0.366459627,E,1376
59.928,156,59,5,0.364197531,E,1416
61.4,149,69,4.13,0.425925926,E,1355
63.856928,154,80,3.58,0.49689441,E,1319
80.855143,194,98,3.33,0.604938272,E,1468
113.70327,161,86,3.59,0.530864198,E,1365
131.98368,152,96,3.03,0.592592593,E,1403
155.587472,177,83,3.62,0.512345679,E,1363
141.652646,203,95,3.51,0.586419753,E,1403
